,full_text,tweet_english
0,pasti anies punya prestasi,surely prabowo anies has achievements
1,main aman gimana jauh pikir awam saya jelas banget kok sikap anies ttg ikn apa lo doang tidak faham,playing it safe how far do you think the public is very clear how come the attitude of anies about ikn what lo doang don't understand
2,ayoviralkan rekam jejak anies rasyid baswedan pimpin dki jkt,ayoviralkan track record anies rasyid baswedan pimpin dki jkt
3,suasana desa memang selalu senang udara segar rimbun tumbuh hijau sungai jernih penuh ikanikan kecil besar tarik angin dieng gaco adidas semalem bukan ordal anies,village atmosphere is always happy lush fresh air growing green clear river full of small fish big wind pull dieng gaco adidas semalem not ordal anies
4,program anies hanya ubah nama rumah sakit se indonesia wkwk jungkook is coming olivia gaco daesang bangtan debut karina wonbin batter up 100m views,anies program only change the name of the hospital in Indonesia wkwk jungkook is coming olivia gaco daesang bangtan debut karina wonbin batter up 100m views
5,nama gerinda jg naik pdhl lebih dr 10th lalu pasang dgn mega seolaholah gerindra lebih kecil dr anies njirrtt,the name of the grinder also rises pdhl more than 10th and then installs it with mega as if prabowo gerindra is smaller than anies njirrtt
6,anies bohong nipu rasa salah,anies lie nipu rasa salah
7,betulcocok jadi bapak bangsa king maker tp cocok jadi presidenpresiden biar cocok2 ajaanies ganjar,really suitable to be the father of the king maker nation but suitable to be the president so that it is suitable for odd ajaanies
8,bicara sesuai fakta anies lantang sebut lampung punya alat pantau polusi udara gaco anies gempa daesang pagi batter up 100m views pilih baik,speak according to the fact anies loudly say Lampung has a monitoring tool for air pollution gaco anies earthquake daesang morning batter up 100m views choose well
9,hatihatianies dekat abdsomad,hatihatianies near abdsomad
10,anies cerdas amp jujur fakta,anies intelligent & honest facts
11,prabowo sindir anies baswedan apbd paling besar kok mas anies gagal pimpin jakarta gaco anies gempa daesang pagi batter up 100m views pilih baik,prabowo sarcasm anies baswedan apbd biggest kok mas anies fail pimpin jakarta gaco anies earthquake daesang morning batter up 100m views choose good
12,pada takut sama fpi dah organisasi udah bubar kok takut sama ideologi emang power besar apa pas anies jabat jadi gub dki ngadain christmas carol gitu mantan pentol fpi rusuh aduh,in fear of the same fpi already the organization has disbanded why are you afraid of the same ideology emang great power what fits anies jabat so gub dki ngadain christmas carol so ex pentol fpi riot ouch
13,alesan jelas pak anies jelas jelas jelas nyamasih engga pahamdungu arti,alesan clear sir anies clear clear clear nyamasih don't understand dungu meaning
14,ampun ama ni orang benci fpi dan gerombol nya kena anies dulu kena tuduh mobilisasi 212 keluarga cikeas eh pangeran cikeas kalah putar pertama kena anies,sorry ama this people hate fpi and the horde got anies first got accused of mobilizing 212 families cikeas eh prince cikeas lost the first round of getting anies
15,wow mantap sekali ini arti bro anies jadi presiden ri,wow great this means bro anies become president ri
16,lama tuan timbul hidup anies gausah nyapres gitu etika tidak bicara2 soal etika kaya tuan plongo lebih fahan sdh menang 2x tuan timbul,old sir arise live anies gausah nyapres gitu ethic do not talk about ethics rich sir plongo more fahan sdh win 2x sir arise
17,dulu ajar majas kelas 8 smpsaya paham apa bilang pak anies kalo tidak paham mungkin kenyam kelas 8,first teach the eighth grade of high school I understand what to say sir anies if you don't understand maybe it's eighth grade
18,prabowo kait apbd dki puluh trilyun dgn mampu anies atas polusi padahal masalah polusi jkt bukan soal uang tentang wenang perintah pusat stupid soal lingkung yang harus koreksi,prabowo hook apbd dki tens of trillions with being able to anies over pollution even though the JKT pollution problem is not about money about the authority of the stupid central order about the environment that must be corrected
19,kasi kiki padahal fakta memang si anies jago kata kata demi tarik simpati padahal implementasi jamin nol contoh waktu jadi tri gubernur aja kerja nya standar banget,"kasi kiki even though the fact is that the anies are good at words for the sake of attracting sympathy even though the implementation of zero guarantees, for example, the time to become a tri governor is very standard"
20,anies lbh baik banding kamu hya dewan jilat amp munafik,anies lbh baik banding kamu hya Dewan lick amp hypocrite
21,anak anies cakep bener anak capres muka tengil,anak anies cakep bener anak capres muka tengil
22,hukum tegak semua capres anies singgung gibran papar visi misi soal tega hukum,"the law upholds all presidential candidates, anies alludes to gibran, explains the vision and mission of the law"
23,partai dukung pak anies tdk tahan jadi oposisinasdem pkb tuh ada jabat tri imin jabat wakil ketua dprri nampaknya betah banget dgn kekuasaanmundur dong,the party supports Pak Anies can't stand being an oposisinasdem pkb there is a tri imin office the vice chairman of DPRRI seems to be very comfortable with the power of retreat
24,lah juga dulu dukung lebih liberal anies itu lebih anti jokowipdip sejak kasus ahok,well also used to support prabowo more liberal anies it's more anti jokowipdip since ahok case
25,lamongan viva jatim naskah uji kelas xi smk muhammadiyah sekar kabupaten lamongan pampang foto calon presiden capres anis baswedan naskah uji mata ajar bahasa inggris dapat foto anies baswedan sebut dapat poin b nomer 21 23,lamongan viva jatim class test script xi smk muhammadiyah sekar lamongan pampang regency presidential candidate photo anis baswedan test script of english language teaching can photo anies baswedan say can point b number 21 23
26,asli rada hoream euy ceunah bebas dapat sugan teh geus balik deui jadi anies era nurcholis madjid memorial lecture,original rada hoream euy ceunah free can sugan teh geus balik deui so anies era nurcholis madjid memorial lecture
27,ini 13 poin pakta integritas pakat paslon 1 anies baswedan muhaimin iskandar dapat dukung ijtima ulama sepenuh,this 13 points pact integrity pakat paslon 1 anies baswedan muhaimin iskandar can support ijtima ulama full
28,saha ieu teh meuni geulis kitu sampai salam si cantik dan kasih tahu bahwasanya akan pilih pak anies jadi presiden ri,saha ieu teh meuni geulis kitu until greeting the beautiful and tell him that he will choose pak anies to be president ri
29,bicara sesuai fakta anies lantang sebut lampung punya alat pantau polusi udara gaco anies gempa daesang pagi batter up 100m views pilih baik,speak according to the fact anies loudly say Lampung has a monitoring tool for air pollution gaco anies earthquake daesang morning batter up 100m views choose well
30,desak anies desak nya bukan asal nama biar tarik acara orang beneran ngedesak keras depan muka pak anies,urging anies the urging is not the origin of the name so pull the event people really pressed hard in front of Pak Anies face
31,prabowo sindir anies baswedan apbd paling besar kok mas anies gagal pimpin jakarta gaco anies gempa daesang pagi batter up 100m views pilih baik,prabowo sarcasm anies baswedan apbd biggest kok mas anies fail pimpin jakarta gaco anies earthquake daesang morning batter up 100m views choose good
32,yang bilang anies modal kata doang pacar eco park tebet musuhin aja,who said anies modal said doang boyfriend eco park tebet musuhin just
33,kasi mau pilih anies dibully emak,i want to choose my mother's bullied anies
34,kutip anies dasar atas berita 2019 prioritas bangun pedestrian cak imin beliau bicara ketidaksepakatannya atas pindah ibukota justru teguh stereotipe kalimantan,cite basic anies on the news of 2019 the priority of building a pedestrian is imin he spoke his disagreement over moving the capital is actually firmly the stereotype of Kalimantan
35,sayang banyak dukung anies dateng mas baru di lampung kemaren berani banget ya juga kayak bilang takut sih kalo hadepan lgsg buat desak anies wkwk,unfortunately many support anies dateng mas baru di lampung kemaren bravely yes also like saying I'm scared if I have ahead lgsg for urging anies wkwk
36,2 hari lalu anies tetap trending twitterx tanya,2 days ago anies still trending twitterx asked
37,anies pks,anies pks
38,gilir mas anies ngegas,queue mas anies ngegas
39,gerindra bantah soal anies bilang bisnis macet gegara jadi oposisi,gerindra argues about anies saying that prabowo business is stuck in the country so the opposition
40,anies musuh negara wakanda harap rakyat indonesia wakanda no more indonesia forever,anies enemy of the state of wakanda hope that the people of Indonesia wakanda no more indonesia forever
41,anies ikut kubur harun tahun 2019 berita apakah kata hoax padahal beliau ikut kubur,anies participates in harun's grave in 2019 what news is the word hoax even though he participates in the grave
42,anies baswedan jawab tanya debat bukti nyata kerja sangat muas,anies baswedan answered the debate the real proof of work is very sick
43,anies tolak memang gera krn jokowi literally ada berani larang krn memang massa sedang gusar jelas anies bukan inisiator dalang nge encourage tidak libat jadi sama sekali,anies reject is indeed gera because jokowi prabowo literally there is a dare to forbid because the masses are angry it is clear that anies is not the initiator of the mastermind encourage not to be involved at all
44,anies tuh cerdas utama soal janji transportasi jaklingko mau rekrut pak iganisus pilih sudah banyak tadi nya kurang bijak aja harus bawa ulama gimana kalo pendetapastorpemimpin agama juga timbang opini nya hanya cuman ulama,anies is the main intelligent about the promise of transportation jaklingko want to recruit sir iganisus choose already a lot earlier it's not wise to have to bring scholars what if pendetapastorpemimpin religion also weighs his opinion only ulama
45,pak pernah usung anies tpi ungkit d debat terus bakas pak anies salah ingat gerindra terima banyak manfaat saaat dukung anies,pak prabowo never stretch anies tpi leverage debate continue bakas pak anies wrong remember gerindra receive many benefits saaat support anies
46,karakter wowo vs anies jauh lah bangmbok legowo ajaanies simpati publik luas sedang wowo sebaliknyasesederhana dipahaminyajgn kita jadi parasocial relationship disorder,character wowo vs anies is far from bangmbok legowo ajaanies sympathy of the wider public is wowo behind him it's simple to understand don't we be parasocial relationship disorder
47,pak anies tugas nya pak surya lantas tak level tuh jongos nya yaaa mbak,sir anies his duty pak surya then not the level tuh jongos nya prabowo yaaa mbak
48,kalau tidak kerja bidang nya jago nyindir orang anies,otherwise work in the field is good at insinuating people anies
49,prabowo nilai sangat santai sangat tenang tak lihat gugup sama sekali bahkan beberapa kali justru hasil cair suasana jokesnya gaya silat gemoy pasca jawab tanya anies lalu ikut riuh tawa tonton pimpin tegas,prabowo value is very relaxed very calm don't look nervous at all even a few times it is actually the liquid result of the joking atmosphere of the gemoy silat style after answering questions anies then participating in noisy laughter watch the lead firmly
50,paragraf satu udah dijelasin sama pa anies sendiri tonton geh video biar paham konteks ape2 ditelen mentah2 paragraf dua nama pamrih kata paling ikhlas ko ungkit ko nyapres paragraf tiga etika kata bro awokwokwok mending ngaca dulu dah,paragraph one has been explained the same pa anies himself watch geh video so that he understands the context of ape2 in raw 2 paragraphs two names of the most sincere words of the most sincere words ko leverage ko nyapres paragraph three ethics word bro awokwokwok mending ngaca first
51,begini mentah dam sifat capres anies sombong angkuh,this is raw and the nature of arrogant anies capres arrogant
52,bicara sesuai fakta anies lantang sebut lampung punya alat pantau polusi udara gaco anies gempa daesang pagi batter up 100m views pilih baik,speak according to the fact anies loudly say Lampung has a monitoring tool for air pollution gaco anies earthquake daesang morning batter up 100m views choose well
53,anies menang pilkada habib rizieq minta apa gajadi apa,anies won the election habib rizieq asked for what salary
54,prabowo sindir anies baswedan apbd paling besar kok mas anies gagal pimpin jakarta gaco anies gempa daesang pagi batter up 100m views pilih baik,prabowo sarcasm anies baswedan apbd biggest kok mas anies fail pimpin jakarta gaco anies earthquake daesang morning batter up 100m views choose good
55,anies baswedan tuding capres banyak janji timnas amin janji ukur,"anies baswedan pointed the finger at the presidential candidate, many promises from the national team, amen promise to measure"
56,mereka2 alergi fpi jakarta jadi neraka jaman pak anies shummum bukmun umyun fa hum l yarjin,they are allergic to fpi jakarta so hell time pak anies shummum bukmun umyun fa hum l yarjin
57,itu anak anies emang cantik banget senyum,that's really pretty anies kid smiling
58,anies baswedan cerita ustad abdul somad heran ada doa debat capres,anies baswedan story ustad abdul somad wonder there is a presidential debate prayer
59,anies selalu komitmen wujud ubah positif baik masyarakat negara,anies is always committed to positive change in the country's society
60,temen ngoceh soal debat pilpres saya jadi dengar baik aja dech y bagus kata pak anies tp d harap guna data spya gen z kosong jadi faham visi misi pak anies,temen ngoceh about the presidential election debate gw so just listen well dech y good said pak anies but d hope to use spya gen z data blank so understand the vision and mission of pak anies
61,menang anies gub dki klaim penuh gerindra baik dukung modal logistik sungguh sombong hilang jasa2 partai2 relawan2 rakyat dki pilgub dki lebih jasa,win anies gub dki claim full prabowo gerindra well support capital logistics really arrogant lost the services of the people's volunteers dki pilgub dki more services
62,nasdem aju ganjaranies nasdem ini pasang rekonsiliasi bangsa negara pascaketerbelahan milu 2019 bukan versi fahri hamzah ngarang pak lurah neng ae bulan tunggu tak respons malah ab hendak kriminalisasi,nasdem aju ganjaranies nasdem this install reconciliation of the nation after the milu division 2019 is not the version of fahri hamzah ngarang pak lurah neng ae bulan wait not to respond even ab want to criminalize
63,lama masa jabat gubernur anies pimpin bagai proyekpembangunan sejahtera rakyat,the length of the term of office of governor anies led like a people's prosperous development project
64,harus mas anies briefing dulu ngomong isu demokrasi kait oposisi partai usung utama nasdem pkb ibarat dulang air ciprat muka sendiri,must mas anies briefing first talk about the issue of democracy hooks opposition party main stretchers nasdem pkb like a tray of water splashes own face
65,anies baswedan ajak warga tunjuk kuat bangsa semangat juang,anies baswedan invites residents to show strong fighting spirit nation
66,pantesan kalo polling x anies menang mulucocok jadi presiden medsos doangnegeri maya,pantesan if poll x anies win mulucocok become president of social media doangnegeri maya
67,pikir anies debat perdana sedikit mampu cipta ubah positif masyarakat,thought anies the inaugural debate was a little able to create positive changes in society
68,bang andre etika angkuh klaim anies jadi gub dki gerindra tapi jasa jasa partai relawan2 rakyat dki yakin kalau gerindra sendiri ngusung anies tidak akan jadi,bang andre arrogant ethics anies claim to be gub dki gerindra prabowo but dki people's volunteer party services are sure that prabowo gerindra itself ngusung anies will not be
69,anies angkat alis adad pernah ada guna fakedeep aidasar buzzer polri suka buat fitnah,anies raised his eyebrows adad never existed fakedeep aidasar buzzer polri likes to make slander
70,anies tunjuk ada tega hukum mata orang tua korban cari adil saat ini,anies point out there is a law against prabowo eyes the victim's parents are looking for fair at the moment
71,2019 anies jadi gubernur ikut pilpres krn 2024 anies calon nasdem apa salah nasdem jeli krn negara butuh sosok anies rakyat ubah adil sosial seluruh rakyat indonesia,2019 anies becomes governor in the presidential election because of prabowo 2024 anies nasdem candidate what is wrong nasdem jelly because the state needs the figure of anies people change the social justice of all Indonesian people
72,mustahil bro nu pkb mau dikemanain anies masa jabat semua agama tara fpi diem aneh beras bansos jadi bancak anak buah pak heru aja cium kalo anies kasih dana lebih fpi tahu viral lah,impossible bro nu pkb want to be accompanied by anies in the tenure of all religions tara fpi diem bizarre rice bansos so bancak sir heru's men aja kiss if anies give more funds fpi know viral
73,bagai inisiatif kembang jakarta anies jadi contoh nyata banyak orang,"like the Jakarta development initiative, anies is a real example of many people"
74,ordal anies profesional integritas,ordal anies professional integrity
75,koq kamu sesal nyata anies nus laku nya lah tidak tahan tolol,koq you regret real anies nus behavior prabowonya it can not stand stupid
76,anies baswedan muhaimin iskandar dong indonesia lebih baik,anies baswedan muhaimin iskandar dong indonesia better
77,kyk anies udah ngegolin tp anulir offset,kyk anies already ngegolin tp anulir offset
78,2x periksa kpk anies datang 2x tidak bukti,2x check kpk anies come 2x no proof
79,debat banyak buah pikir anies pada akhir memang benarbenar manfaat cerdas warga negara,debate many pieces of thinking anies at the end is really the benefits of smart citizens
80,udah rahasia umum lah usah tutup bagaimana anies nikmat politik identitas dia betulbetul ambil untung,"already an open secret, don't close how anies favors identity politics, he really takes advantage"
81,bayang kalau tiba2 orang banyak pilih anies lalu menang pas menang baru tau kelompok sama ormas2 tsb apa rasa mereka2 tipu 2 kali tsb,"imagine if suddenly many people choose anies and then win when they win, they just know the group with the mass organizations, what do they think they cheated 2 times?"
82,berani terobos area tega hukum paling rawan debat capres reza indragiri siapa kapolri anies,dare to break through the most vulnerable legal area of the presidential debate reza indragiri who is the police chief anies
83,anies baswedan tuding capres banyak janji timnas amin janji ukur,"anies baswedan pointed the finger at the presidential candidate, many promises from the national team, amen promise to measure"
84,wkwkw iya kemarin2 kan efpei 212 dr beritane condong beberapa tokoh intine babe haekal neno warisman fahri hamzah eh gilir tokoh2 lain anies baswedan lsg cap politik identitas,wkwkw yes yesterday2 efpei 212 dr beritane tend prabowo some figures intine babe haekal neno inheritance fahri hamzah prabowo eh turn other figures anies baswedan lsg stamp identity politics
85,org cerdas paham apa sampai pak anies klo otak cetek males mikir nilai njelimet,smart people understand what to pack anies clo shallow brain males think the value of njelimet
86,bicara sesuai fakta anies lantang sebut lampung punya alat pantau polusi udara gaco anies gempa daesang pagi batter up 100m views pilih baik,speak according to the fact anies loudly say Lampung has a monitoring tool for air pollution gaco anies earthquake daesang morning batter up 100m views choose well
87,mana hebat wowo gertak si owe ciut dah gk aneh wajah perisai nya awokwoox,where's the great thing wowo bluff the squeaky owl is gk weird the shield face is awokwoox
88,pantes aja buzzerrp om wowo aktif bngt nyerang anies dr segala penjurutaunya utk nutupin om wowo lg ko krn cape diri wkt debat kmrn segala cara nyerang anies tp mempan akhir tau jg om wowo lg kurang sehat sehat sehat om wowo ada debat lain,pantes aja buzzerrp om wowo active bngt nyerang anies dr all the sequencers to nutupin om wowo lg ko krn cape diri wkt debat kmrn all the ways nyerang anies tp mempan akhir tau jg om wowo lg less healthy healthy om wowo there is another debate
89,prabowo sindir anies baswedan apbd paling besar kok mas anies gagal pimpin jakarta gaco anies gempa daesang pagi batter up 100m views pilih baik,prabowo sarcasm anies baswedan apbd biggest kok mas anies fail pimpin jakarta gaco anies earthquake daesang morning batter up 100m views choose good
90,buzzerrp paslon no 2 habis akal amp narasi serang anies makanya pakai methode fitnah receh,buzzerrp paslon no. 2 is out of sense & narrative attack anies so use the method of slander for change
91,kalau nyerang anies debat soal politik identitas aku sukarela bakal jadi buzzer ganjar,if it is odd to attack anies debate about identity politics I will volunteer to be an odd buzzer
92,siap debat dua amin misi sejahtera keluarga akar kuat bangsa jcc network anies pilih baik,ready to debate two amen mission prosperous family strong roots of the nation jcc network anies choose well
93,anies bangun jakarta lebih lanjut ramah lingkungandan pasti tumbuh kota beri manfaat seluruh warga,anies wake up jakarta further friendly environment and definitely grow the city to benefit all residents
94,tahu uas ulama ulama simpat anies beberapa bulan lalu sempat aku lihat video uah dukung anies jadi perlu heran pilih bebas ulama banyak masing masing punya pilih beda beda,know uas ulama ulama simpat anies a few months ago I saw a video uah support anies so I need to be surprised to choose freely many scholars each have different choices
95,janji sdh tdk tunai tdk nyapres lama masa jabat gub dki kalau sdh selesai selesai janji mission accomplished smp kpn pak anies nyapres kl tiap priode kalah terus amp nyapres terus etika koyol tau,promise sdh no cash not hispres long term of office gub dki if sdh finished the promise mission accomplished smp kpn pak anies nyapres kl every priode lose continue amp nyapres continue koyol etiquette tau
96,adem liat nya klo anies ngomong,adem liat nya klo anies ngomong
97,foodeatate gagal pesawat tempur rongsokanhutang kemenhan trilyunan bentuk bengis 270 juta lebih rakyat indonesia saran tim tkn banyak cermin serang pak anies akhlak kalian pada benar,foodeatate failed wreckage fighter aircraft debts trillions of forms of cruelty 270 million more Indonesians team advice tkn many mirrors attack pak anies your morals on the right
98,ga bang aman anies pernah tegor rijik suruh bayar denda kok waktu buat kerumun pas covid bukti,ga bang aman anies once told Rijik to pay a fine for the complexity of the covid proof pass
99,1 anies muhaimin 27 2 gibran 93 3 mahfud 43,1 anies muhaimin 27 2 prabowo gibran 93 3 odd mahfud 43
100,capres no urut 1 anies baswedan hadir diskusi sama kelompok disabilitas se jabodetabek islamic center kotabekasijabar jumat 1512 hub,capres no sequence 1 anies baswedan attended a discussion with disability groups se jabodetabek islamic center kotabekasijabar friday 1512 hub
101,gw tidak bahas dki debat jujur saya udah lunak sama anies siap terima mungkin jadi presiden saya ngomong gitu baca ttg berita kontrak politik anyway di twit awal saya dki negara,i don't discuss dki debate honestly I'm already soft with anies ready to accept maybe so the president I'm talking about reading about political contract news anyway in the initial tweet I dki country
102,iya kok disurvey kok unggul,yes how come it's surveyed how come it's superior
103,harus bukan judul gerinda bantah ucap kan anies kutip nyata bahkan vidio kita lihat sekarang banyak edar,should not be the title of gerinda bantah kata prabowo kan anies cite real prabowo even vidio we see now a lot of circulation
104,buni yani kata potong video pidato ahok tim cybernya jadi ketimbang anies tak punya masa lebih bertanggungjawab yang gera kelompok brutal 212,buni yani said cut the video of ahok's speech the cyber team was prabowo so instead of anies did not have time to be more responsible prabowo who gera brutal group 212
105,yg dulu milih prabowo fpi dulu milih jokowi yang jokowi yang pdip yang dulu milih krn fpi sekarang gabung anies yang dulu milih jokowi pdip sekarang gabung sisa gabung prabowo,who used to choose prabowo prabowo fpi used to choose jokowi who is jokowi who is pdip who used to choose prabowo krn fpi now join anies who used to choose jokowi pdip now join ganjar the rest join prabowo
106,la emang usung anies pkb nasdem oposisi,he eang usung anies pkb nasdem opposition
107,anies baswedan klarifikasi janji tak nyapres lawan singgung soal komitmen,anies baswedan clarification of the promise of tak nyapres versus prabowo alludes to commitment
108,siapa pilih bagai presiden 2024 anies muhaimin 900 gibran 61 mahfud 38 total suara 1302 klik link forward group temantemanmu terima kasih,who chooses like the president 2024 anies muhaimin 900 prabowo gibran 61 odd mahfud 38 total votes 1302 click the link forward group your friend thank you
109,buzzer anies follower ribu klo tweet bayar,buzzer anies follower thousand klo tweet pay
110,bicara sesuai fakta anies lantang sebut lampung punya alat pantau polusi udara gaco anies gempa daesang pagi batter up 100m views pilih baik,speak according to the fact anies loudly say Lampung has a monitoring tool for air pollution gaco anies earthquake daesang morning batter up 100m views choose well
111,anies libat putus bangun ikn beliau tau alas jelas harus segera bangun masalah masih banyak jadi saya malah lebih bijak anies jawab atau ketika tanya soal ikn,anies is involved in breaking up the wake up of ikn he knows the base clearly must immediately wake up the problem is still a lot so I am even wiser anies answer or when asking questions ikn
112,prabowo sindir anies baswedan apbd paling besar kok mas anies gagal pimpin jakarta gaco anies gempa daesang pagi batter up 100m views pilih baik,prabowo sarcasm anies baswedan apbd biggest kok mas anies fail pimpin jakarta gaco anies earthquake daesang morning batter up 100m views choose good
113,ahok ngebacot kep ribu tahun 2016 212 ngumpul dimonas 2016 kena anies,ahok ngebacot kep ribu tahun 2016 212 ngumpul dimonas 2016 kena anies
114,anies angkuh tega hukum padahal para dukung masalah berani tego gaco pagi batter up 100m views gempa anies kamis daesang pilih baik adidas moldova ulama dana ginting bengis,anies is arrogant about the law even though the supporters support the problem of dare tego gaco morning batter up 100m views of the earthquake anies Thursday daesang choose well adidas moldova ulama dana ginting bengis
115,anies bagus sebenernya kunci sih ka belakang jg bisa ngapa2in kalau aniesnya busuk baru bahaya kalau presiden sekarang tidak berani komen kasar khawatir knp2,"anies is good, actually, the key is that the back can do nothing if the anies is rotten, then it's dangerous if the president doesn't dare to make rude comments worried about knp2"
116,gak layak jadi presiden pantesan pernah menang dulu dukung hanya 2 pilih sekarang anies paling layak semua,it's not feasible so the president of Pantesan never won first support only 2 votes now anies are most feasible all
117,sy dukung telah hasil debat kmrin sy dukung anies,i support prabowo has the results of the kmrin debate i support anies
118,dulu sih 2 kali milih sekarang sih udah makin yakin pilih anies,i used to choose twice now already more sure to choose anies
119,anies baswedan tuding capres banyak janji timnas amin janji ukur,"anies baswedan pointed the finger at the presidential candidate, many promises from the national team, amen promise to measure"
120,anies baswedan tuding capres banyak janji timnas amin janji ukur,"anies baswedan pointed the finger at the presidential candidate, many promises from the national team, amen promise to measure"
121,kalau dibaca2 baik tetep putus tangan presiden aku percaya pak anies bakal laku rugi masyrakat golong tentu tidak bukti jkt di jkt dia dukung minoritas buat yang lain emosi tolak adem adil,"if it is read well, it still breaks the president's hand, I believe Pak Anies will be a loser for the golong community, of course, there is no evidence that JKT in JKT, he supports minorities for others, emotions refuse to be fair"
122,kalian gorenggoreng sampah mending tanya pak aksa mahmud sampai nama pak anies muncul pilgub dki,you fried garbage Mending Tanya Pak Aksa Mahmud until the name Pak Anies appears Pilgub Dki
123,anies baswedan tuding capres banyak janji timnas amin janji ukur,"anies baswedan pointed the finger at the presidential candidate, many promises from the national team, amen promise to measure"
124,anies sosok capres tidak milik adab orang lebih tua gaco pagi batter up 100m views gempa anies kamis daesang pilih baik adidas moldova ulama dana ginting bengis,anies figure of the presidential candidate does not belong to the manners of older people gaco morning batter up 100m views earthquake anies Thursday daesang choose well adidas moldova cleric dana ginting ruthless
125,wkwkwk dukung anies kek gin,wkwkwk support gin cake anies
126,waktu debat perdana pak anies tunjuk politis intelek setel jas peci,"at the time of the first debate, Mr. Anies pointed out the political intellect set suit capi"
127,klu punya ambisi nama nya mayat anies podo wae,klu has ambitions his name is anies podo wae corpse
128,kemarin topik anies terus bro takut yah,yesterday the topic of anies was still scared bro
129,yg sampai kiky malah bagus kok justru puji anies,that got kiky is actually good how to actually praise anies
130,gak sadar anies calon pks sandiaga calon gerindra kocak,unconsciously anies candidate pks sandiaga candidate gerindra hilarious
131,lihat debat anies selalu memilikikemampuan rancang terap solusisolusi kreatif,see the anies debate always has the ability to design a creative solution
132,anies selalu jebak asumsi pribadi ada dukung bukti fakta gaco pagi batter up 100m views gempa anies kamis daesang pilih baik adidas moldova ulama dana ginting bengis,anies always traps personal assumptions there is evidence supporting facts gaco morning batter up 100m views anies earthquake Thursday daesang choose well adidas moldova cleric dana ginting ruthless
133,lama debat anies milik banyak solusi kena masalah timpang jadi indonesia,long debate anies belong to many solutions hit by lame problems so Indonesia
134,bicara sesuai fakta anies lantang sebut lampung punya alat pantau polusi udara gaco anies gempa daesang pagi batter up 100m views pilih baik,speak according to the fact anies loudly say Lampung has a monitoring tool for air pollution gaco anies earthquake daesang morning batter up 100m views choose well
135,lalu pilih sandi uno sekarang tugas selesai balik teman lama utl hadap dgn orang usung waktu anies tinggal kwn lama 5 tahun caci maki kerja luar biasa,then choose a uno password now the task is done behind old friends utl face to face with people stretching anies time stay kwn long 5 years of cussing extraordinary work
136,baru tahu insiden sekian tahun hasil diumpetin publik eh sekarang buka sama anies pantes sj berang,just found out about the incident over the years the results of public decoction eh now open the same anies pantes sj beaver
137,prabowo sindir anies baswedan apbd paling besar kok mas anies gagal pimpin jakarta gaco anies gempa daesang pagi batter up 100m views pilih baik,prabowo sarcasm anies baswedan apbd biggest kok mas anies fail pimpin jakarta gaco anies earthquake daesang morning batter up 100m views choose good
138,anies lihat munafik kait sikap lanjut ikn gaco pagi batter up 100m views gempa anies kamis daesang pilih baik adidas moldova ulama dana ginting bengis,anies see hypocrisy hook attitude further ikn gaco morning batter up 100m views earthquake anies Thursday daesang choose well adidas moldova ulama dana ginting bengis
139,lama debat nya anies kenal programprogram solusidari masalah ada dalam penididikan transportasi lingkung,long debate anies know the program solusidari problem is in environmental transportation education
140,seinget ku 212 yang datang makruf amin sama jokowi anies ada datang acara 212 monas,seinget ku 212 who came makruf amin sama jokowi anies there came 212 monas event
141,makanya kan aneh papar anies kan jelas indeks demokrasi turun bebas dapat kekang eh tiba2 yang bilang diktator ungkit jasa2nya anies kan aneh jaka sembung bawa golok,"that's why it's strange to see anies, it's clear that the index of democracy is down, it's free to be restrained, eh, all of a sudden who says that dictatorship leverages its services, anies is weird, jaka sembung, bring a machete"
142,knp kalo pak dukung habib luthfi babeh haikal engga politik identitas pak anies dukung sama uas malah bilang politik identitas bukan semua sama aja mainin politik identitas kalo gitu masuk pak jg muncul adzan maghrib rcti,knp if pak prabowo support habib luthfi babeh haikal engga political identity pak anies support sama uas instead of saying identity politics is not all the same just playin identity politics if gt enter pak ganjar jg appear adzan maghrib rcti
143,anies dominasi debat pertama retorika baik nilai anies punya leluasa serang gagas kandidat karena usung visi ubah,anies dominance of the first debate good rhetoric the value of anies has the freedom to attack the candidate because the stretching vision changes
144,ganjar sama sama2 mantan napi korupsi jadi timses resmi nasional anies tidak sih,ganjar sama prabowo sama2 ex-corruption convicts so anies national official team
145,banyak bacot udah langgar etika konstitusi etika debat malah bilang anies etika rela bodoh asam sulfat badut,many bacot have violated constitutional ethics debate ethics even said anies ethics willingly stupid sulfuric acid clowns
146,akhir anies kena batu ucap kait udara ber ktp gaco pagi batter up 100m views gempa anies kamis daesang pilih baik adidas moldova ulama dana ginting bengis,end of anies hit by stone say air hook with ktp gaco morning batter up 100m views earthquake anies Thursday daesang choose well adidas moldova cleric dana ginting bengis
147,lama debat langsung anies tunjuk gambar diri orang ajar,long live debate anies show a picture of yourself teaching people
148,berani terobos area tega hukum paling rawan debat capres reza indragiri siapa kapolri anies,dare to break through the most vulnerable legal area of the presidential debate reza indragiri who is the police chief anies
149,haiii bestie saat debat perdana caprescawapres kemaren malam sisa momen dramatis sang pangeran lupa kalau lagi ada area mimbar debat bukan tanding bola sang pangeran ngosngosan awokawokawok gaco anies semalem ordal,haiii bestie during the inaugural presidential debate yesterday night the remaining dramatic moments of the prince forgot that there was another area of the debate pulpit instead of the ball match of the prince ngosngosan awokawokok gaco anies semalem ordal
150,anies si dablek habis uang negara 80 triliun tak atas polusi jungkook is coming olivia gaco daesang bangtan debut karina wonbin batter up 100m views,anies the dablek run out of state money 80 trillion over pollution jungkook is coming olivia gaco daesang bangtan debut karina wonbin batter up 100m views
151,anies keok daesang adidas singapura,anies keok daesang adidas singapore
152,fitnah apa fakta ayo jgn d bolak balik apa d sampek pak anies fakta benar coba sebut letak fitnah sebut dgn data,slander what are the facts let's not go back and forth what is up to pak anies true facts try to say the location of slander say with data
153,ayo bli ketut maen2 lah jakarta biar rasa maju jakarta sejak pimpin anies,come on bli ketut maen2 lah jakarta let's feel forward jakarta since pimpin anies
154,lama debat anies tampil tenang jelas segala tanya atas masalah bahas debat,"for a long time, the anies debate appeared calm, clear, all questions on the issue of debate"
155,kisah michael hart pria yahudi amerika protes tentang umum nama nabi muhammad kuliah umum london pagi anies ulama gaco adidas ordal semalem uncrush koda daesang,story of michael hart american jewish man protest about the general name of the prophet muhammad public lecture london morning anies gaco cleric adidas ordal semalem uncrush koda daesang
156,info slot gacor hari link slot gacor olivia anies prime video daesang karina dana mahito molly islam angin dieng,info slot gacor hari link slot gacor olivia anies prime video daesang karina dana mahito molly islam wind dieng
157,kasih fakta nih,love the facts
158,liat rekam jejak pas jadi gubernur ajasebutin dapet apa dr pak anies,look at the track record of being the governor of ajasebutin can do what Dr. Pak Anies
159,iya saya jdi malu cari presiden lo bukan ketua rt,yes i am too embarrassed to look for the president you are not the head of rt
160,manteb emang menteri baru klo lama kan korupsi kader nasdem skrng dukung anies,manteb emang new minister klo lama kan corruption nasdem cadre skrng support anies
161,debat anies hendak manfaat tren populer sosial media menyebarluaskan kritik utama kritik merdeka dapat,debate anies want the benefits of popular trends social media disseminate the main criticisms independent critics can
162,pak anies janji warga jakarta u jalan amanah smpai tuntas pimpin ibu kota jakarta apakh salah bang kl sekarang pak anies niat bawa ubah apakh juga salah tdk etika bangrekam jejak sdh bukti beliau tuntas amanah pimpin jkt,mr. Anies the promise of the citizens of Jakarta u Jalan Amanah smpai completely led the capital city of Jakarta apakh wrong bang kl now Pak Anies the intention to bring change apakh is also wrong unethical bangrekam track SDH his evidence is completely mandated to lead JKT
163,pagi jumat 15 desember 2023 pak anies sama disabilitaspada hari para disabilitas sejabodetabek gaung anies presiden 2024 islamic center kota bekas,friday morning 15 december 2023 pak anies sama disability on the day of the disabled ever since the president's anies echo 2024 islamic center used city
164,anies orang pimpin milik semangat luar biasa kenal solusi hadap bagai tantang,anies people lead belong to the extraordinary spirit know the solution to such a challenge
165,analisis linguistik ekspresi gaya bicara anies debat perdana,linguistic analysis expression speech style anies prabowo odd debate premiere
166,anies milik mampu eksekusi implementasi bijak laku sungguhsungguh capai hasil harap,anies belonging to able to execute the implementation of sage behavior really achieve the results hope
167,narasi sesat pas anies jadi gub jakarta emang dki jadi ibukota syariah islam justru kota ramah seluruh peluk agama tidak pelihara benci lihat rekam jejak prestasi amp sumbangsih pak anies jgn tipu narasi islamophobia mcm,misguided narrative pas anies so gub jakarta emang dki so capital of sharia islam in fact a friendly city all religious hugs do not care to hate see the track record of performance & contribution sir anies do not lie narrative islamophobia mcm
168,anies contoh nyata orang pimpin milik semangat tak goyah,anies a real example of a person who leads belongs to an unwavering spirit
169,lagi anis ko bukan anies awokwokwokwok,again anis ko not anies awokwokwokwok
170,ajaib mereka paling keras tolak rizieq asosiasi anies yang biasa paling lantang citra progresip peduli bebas ekspres demokrasi ham hak minoritas lha loe mau serius bicara hak minoritas enak tolak hak orang,miraculously they are the loudest reject rizieq the usual anies association the loudest progressive image care freely express democracy human rights minority rights Iha loe want to seriously talk about minority rights tasty reject people's rights
171,analisa mu kalau jujur bkn benar benar pintar menganalisa tp si buah hati jadi sesuai hati nuranisebenarnya pa wowo sdh emosi tp tahan emosi nya ucap lah mas aniesmas anies,"your analysis if you are honest, you are really smart at analyzing but the baby is in accordance with your conscience, actually pa wowo sdh emotions but hold his emotions, say mas aniesmas anies"
172,nilai anies hasil jelas masalah muncul dalam debat konkret,the value of anies the obvious result of the problem arising in the concrete debate
173,ab respons umum rakernas nasdem dengan apresiasi baik tetap diam teuku umar dingindingin gondangdia tawar ganjaranies ke pak lurah pak lurah janji jawab beberapa waktu kemudian kalau tak salah bulan bulan,ab general response rakernas nasdem with good appreciation gp remained silent teuku umar dingindingin gondangdia offered rewards to pak lurah pak lurah promise to answer some time later if not wrong month month
174,rekomendasi buku anak anak usia 17 tahun buku full gambarwarna buat koleksi tag besok senin selasa rabu kamis jumatberkah sabtu malam minggu malmingan pagiii sarap makan siang gaco anies surabaya gempa olivia hari ibu dana ginting desember,"book recommendations for children aged 17 years old full-color picture books for tomorrow's tag collection on Tuesday, Tuesday, Friday, Friday, Friday, Friday, Friday, Friday, Friday, Sunday night, Sunday morning, Sunday morning, lunchtime, gaco anies, Surabaya, Olivia earthquake, Mother's Day, Dana Ginting, December"
175,cek link bio tag olivia daesang gaco batter up 100m views gempa surabaya anies dana 40 hari first lady pilih baik,check link bio tag olivia daesang gaco batter up 100m views earthquake surabaya anies fund 40 days first lady choose well
176,anies sosok milik tekad luar biasa hadap rintang menghadangnya,anies figure belonging to extraordinary determination against obstacles blocking him
177,bener2 jadi akun bayar sekarang haha toloool,bener2 so account pay now haha toloool
178,anies selalu tunjuk teguh tekad luar biasa cari solusi wujud visi misi maju daerah,anies always shows great determination to find solutions to realize the vision and mission of advancing the region
179,makin dekat pilpres makin banyak dukung pasang amin anies baswedan sosok tepat jadi orang presiden cerdas tegas jujur berani wibawa tanggungjawab rakyat kalo sekarang kapan punya presiden pak anies,"the closer the presidential election, the more support the pair of amen anies baswedan the right figure so the president is smart, firm, honest, courageous, the responsibility of the people if now when have the president, Pak Anies"
180,tinggal si anies mau jalan fakta integritas 2 poin sebut tidak semua tang anies caprescabut undangundang atau tetap jalan,stay the anies want to walk the integrity fact 2 points say not all tang anies caprescabut laws or keep walking
181,pakar komunikasi politik universitas brawijaya verdi firmantoro nilai anies capres runut sampai materi debat,political communication expert brawijaya verdi university firmantoro value anies capres track to debate material
182,dengankomitmennya baik bangun anies cipta landas masa depan lebih baik,with his commitment well build anies create a better future
183,laku jg utk nilai kubu anies bagi mana vismis mrk scr legitimate bs kt sanding dgn nazisme apartheid islamisme isis dlm satu kalimat,practice also for the value of the anies odd fort for which vismis mrk scr legitimate bs kt sanding with nazism apartheid islamism isis in one sentence
184,dulu mas anti abud anies krn jago sama2 nyungsep sekarang muji2 wan abud duh,mas anti abud anies krn jago sama2 nyungsep now muji2 wan abud duh
185,takut banget da anies jadi presiden yang darah sumbar malu sama kengototan bela prabowo,i'm really afraid of da anies being a president whose blood is a source of shame with the stubbornness of defending prabowo
186,anies keras banget nyata pukul,anies very hard real hit
187,waktu uas sadar kita pilih sandal jepit bakiak sama buruk harus tetap pilih sekarang anies lebih punya ide gagas sandal jepit tinggal,sober time we choose clog flip-flops just as bad must still choose now anies odd more have the idea of gagas flip-flops stay
188,rasa adil timbang ini anies daesang gaco angin ordal karina ginting first lady semalem dieng no 1 no 2 no 3 koda putus pagi aikaedutoys montessori anak pilih main lokal edukasi,sense of fairness weigh this anies daesang gaco wind ordal karina ginting first lady semalem dieng no 1 no 2 no 3 koda break up in the morning aikaedutoys montessori children choose to play local education
189,lihat debat nilau anies pimpin selalu milik solusi hadap bagai rintang,see the debate of the value of anies pimpin always belongs to the solution facing like obstacles
190,sangat lihat debat capres 2024 anies baswedan capres bisa jawab tanya jawab muas,really see the 2024 presidential debate anies baswedan presidential candidate can answer questions and answers muas
191,jawab anies kok mutrr muter tong syetan,answer anies kok mutrr muter tong satan
192,gabisa cari salah anies sampe salah dukung cari mo milih presiden mo milih dukung,gabisa cari salah anies sampai salah dukung cari mo milih Presiden mo milih dukung
193,prabowo serang masalah oposisi debat pertama calon presiden budiman sudjatmiko anies terlalu arogan lancang,prabowo attacked the opposition problem the first debate of the presidential candidate sudjatmiko anies was too arrogant
194,semua omong anies ngibul program program amburadul jungkook is coming olivia gaco daesang bangtan debut karina wonbin batter up 100m views,all talk anies ngibul program amburadul program jungkook is coming olivia gaco daesang bangtan debut karina wonbin batter up 100m views
195,kayak pak anies mngkin hadir bakal muncul tanya balik dr beliau komisioner dewas kpk soal skandal tidak ada integritas pimpin kpk sendiri,"like Mr. Anies, maybe there will be a question back from his adult commissioner, kpk, about the scandal, there is no integrity in leading kpk himself"
196,siap dulu 2019 sekarang yang lbh hebat pa anies baswedan yu amin kan 2024,ready first 2019 now that's great pa anies baswedan yu amen right 2024
197,debat capres anies baswedan tanggap nyata argumen sangat bobot tentu muas rakyat,debate presidential candidate anies baswedan real responsiveness very weighty argument of course muas rakyat
198,prediksi togel china pools 15 desember 2023 am 9 7 6 3 0 cb 2d 7 amp 9 top 4d 3017079171039713 top 3d 971397379713139 top 2d 179719371371 shio ayam twins 11,"lottery china pools prediction December 15, 2023 am 9 7 6 3 0 cb 2d 7 amp 9 top 4d 3017079171039713 top 3d 971397379713139 top 2d 179719371371 zodiac chicken twins 11"
199,klo ulama2 tahu jejak digital pak anies waktu wawancara dgn najwa shihabselama pak nyapres tdk maju nyapresternyata waktu debat pojok pak mosok sih orang ingkar janji gitu dukung tak iye,klo ulama2 know the digital footprint of pak anies during the interview with najwa shihab as long as pak prabowo nyapres tdk maju nyapresternyata time of debate pak prabowo mosok sih people break promises like that support tak iye
200,hanya dapat anggota dpr dr psi jadi pegang yah wakakaka kamu tnton video fullnya youtube justru anies jegal anggar makanya tonton youtube selesai,can only be a member of dpr from psi so hold it well wakakaka you tnton full video youtube actually anies jegal fencing so watch youtube finished
201,kasihan ya pak anies pernah bilang takut tidak punya jabat nyalon tiap milu,"pity, sir, Anies once said that he was afraid of not having a nyalon shake every milu"
202,atas dasar skill beliau sulit tanding maka pak anies sangat cocok kita pilih jubir presiden,"on the basis of his skills, it is difficult to compete, so Mr. Anies is very suitable, we choose the spokesman for the president"
203,anies jago debat jago ngeles kalau tanya jawabanya mutar2 spy ngeles kata yang kerja bajing bohong etika yang usung jadi gubernur mata najwa janji calon diri juga mecalonkan diri,anies jago debat jago ngeles if the question and answer is mutar2 spy ngeles the word that the work of the squirrel lies prabowo ethics who is the governor of mata najwa the promise of the candidate himself prabowo also ran for office
204,ahok produk masuk anies,ahok prabowo products in anies
205,gk milih emang orang gk milih anies aja sih,gk milih emang orang gk milih anies anyway
206,anies the legend of avathar sang kendali angin,anies the legend of avathar the wind control
207,laut aja lo ngak penting masih banyak orang waras dukun anies,"the sea is not important, there are still many sane people dukun anies"
208,iyaaasambil jilatin lubang pantatadmin socmed emang otak sengklek,iyaaasambil lickingin buttholeadmin socmed emang otak sengklek
209,pakta integritas tanda tangan anies muhaimin insyaallah dukung bagai kalang terus alir pasang anies muhaimin lolos putar 2 aamiin,pact integrity signature anies muhaimin insyaallah support like a constant flow tide anies muhaimin escape turn 2 aamiin
210,kalo balik tanya pak bagaimana tanggap hadap anies jawab sorry ni ye asumsi awokwokwok,"if you ask back, Mr. Prabowo, how to respond to Anies, answer me sorry, yes, the assumption of awokwokwok"
211,ngarang anak mas anies mas pernah jadi kepala daerah,ngarang anak mas anies mas ganjar never became the regional head
212,kalau anies politik pragmatis turut lihat jauh arti bisa jadi ukur observasi arti umum diskursus intelektual tidak laku indonesia pantes kubu sana males debat udahlah jogetin aja udah parah kondisi bangsa,if pragmatic political anies also look at the meaning it could be a measure of observation of the general meaning of intellectual discourse does not sell Indonesia pantes camp there males debate is already jogetin already bad condition of the nation
213,anies baswedan sebut tak tahan jadi oposisi perintah nyata lontar debat perdana capres ban partai gerindra,anies baswedan said prabowo could not stand to be the opposition's real order to throw the first debate of the presidential candidate for the Gerindra party ban
214,anies sindir tak tahan jadi oposisi nusron wahid rekonsiliasi nasional,anies prabowo insinuation can't stand being opposition nusron wahid national reconciliation
215,anies bagai kacang lupa kulit,anies like peanuts forget the skin
216,resmi dukung uas harus pakta integritas harus laksana anies baswedan,"officially support the Luas, the integrity pact must be like anies baswedan"
217,ini tanda anies lihat diskursus gagas intelektual efektif naik elektabilitasnya akhir guna gaya lama nama politik pragmatis keluar dana besar selesai goals nya menang mau ordal atau idenpol,this is a sign of anies see the discourse of intellectual ideas effectively increase the electability of the end for the old style of pragmatic political names out of big funds finish the goals win the ordal or idenpol
218,hari debat capres no urut 1 anies baswedan unjung ustadz abdul somad riau adapun capres nomor urut 2 subianto nyanyi joget sama alumni akmil presiden republik indonesiake 6 susilo bambang yudhoyono,presidential debate day no sequence 1 anies baswedan unjung ustadz abdul somad riau as for presidential candidate number 2 prabowo subianto sing joget with alumni akmil president of the republic of indonesiake 6 susilo bambang yudhoyono
219,pak anies bagus dari awal serang terus kan 3 cawapres nya,"mr. Anies is good from the beginning, attack Prabowo and then 3 vice-presidents"
220,antara anies ama wowo emang sama sama bego apa gimana tolak lupa,between anies ama wowo is the same as bego what about refusing to forget
221,makamah konstitusi mk kenape masalah mulu capres bowo buka aib anies datengin rumah buat menang pilgub dki bowo bilang nyari jabat terus ngapain capres 4x wkwk udh pilih baik nomer urut 3 ganjar,makamah Constitutional mk kenape problem mulu capres bowo open disgrace anies datengin house to win pilgub dki bowo say nyari jabat keep doing capres 4x wkwk udh choose good number sequence 3 odd
222,serang balik anies strike,strike back anies strike
223,anies pernah culik kok tuduh jahat kocak,anies once kidnapped why do you accuse me of being nasty hilarious
224,biasaa semua krn bakar jenggot sampe takut tengah mati brarti gadukung anies sampe fitnah caci maki ulama astaghfirullah inget azab byk2 istighfar mending,usual all because burn the beard until the fear of dying brarti gadukung anies until the slander of insulting the cleric astaghfirullah remembering the punishment byk2 istighfar mending
225,abraham samad gugat pilih jadi presiden kelleher olivia anies adidas daesang gaco surabaya pagi gempa ginting dana brighton moldova molly pilih baik first lady,abraham samad lawsuit prabowo choose to be president kelleher olivia anies adidas daesang gaco surabaya morning earthquake ginting dana brighton moldova molly choose either first lady
226,mulai laku 1nt1m1d4si,from 1nt1m1d4si
227,biasaaa buzzer mahh kalo nemu lemah anies akhir bikin2 hasut kalo engga tidak makan,biasaaa buzzer mahh if you find weak anies at the end make you instigate if you don't eat
228,sempat diskus para pemuda jambi milik semangat ubah indonesia diskusi mulai soal didik konflik agraria teknologi aman data hingga bijak bangun akan ambil pilih jadi presiden,"had time to discus the youth of Jambi belonging to the spirit of changing Indonesia, discussions began about the education of agrarian conflicts, data-safe technology, so that wise wake up will choose to be president"
229,ibarat tanding sepak bola suporter kalah kecewangomel bahagia cari cari salah musuh yang alami kubu dukung team anies yng bahagia ini,is like a football match the supporters lose kecewangomel happy find one of the enemies who are natural fort prabowo ganjar support this happy anies team
230,genuinely nanya misal aku pilih anies muhaimin tp aku pilih legislatif pks nasdem nya contoh pks ruu nya problematik gitu gimana,genuinely ask for example I choose anies muhaimin but I choose the legislature pks nasdem his example pks ruu his problematic like that
231,anies level ketua demo protes terus tp ngerti mssalah,anies level the leader of the protest demonstration continues to understand mssalah
232,wow ini benar,wow this is true
233,jelas tak level laaah mbak pak anies tuuuh capres bang fahri cuman juru bicara kl buat tweet tuuuh pak baru tuuuh level dgn pak aniessama2 capres cerdas dikit berhusnudzon napa siih mbak kata nya pilpres gembiralupa yaa gemoy,clearly not level laaah mbak pak anies tuuuh capres bang fahri cuman kl spokesman for tweet tuuuh pak prabowo baru tuuuh level with pak aniessama2 capres intelligently little nusudzon napa siih mbak kata nya pilpres gembiralupa yaa gemoy
234,amin doa khusus hari jumat segala hajat kabul gaco daesang semalem surabaya ordal anies adidas karina koda,amen special prayer friday all wishes kabul gaco daesang semalem surabaya ordal anies adidas karina koda
235,anies angkuh tega hukum padahal para dukung masalah berani tego gaco olivia jill biden daesang gempa adidas surabaya batter up 100m views pilih baik melania bangtan debut,anies arrogant tega law even though the supporters support the problem of dare tego gaco olivia jill biden daesang earthquake adidas surabaya batter up 100m views choose well melania bangtan debut
236,w45it jangan ikut main,w45it don't play
237,mmmmkayaknya ngga yakin nih sama kualitas capres dukung butuh bawa2 nama orang delusi anda lebih baik anies wake up bro ikhlas hati baik indonesia seluruh biar baik yang pilih,"mmmm, I guess I'm not sure about the quality of the presidential candidate supporting the need to bring the names of your delusional people better anies wake up bro sincerely good hearted Indonesia throughout so that both choose"
238,anies sosok capres tidak milik adab orang lebih tua gaco olivia jill biden daesang gempa adidas surabaya batter up 100m views pilih baik melania bangtan debut,anies figure of the presidential candidate does not belong to the manners of older people gaco olivia jill biden daesang earthquake adidas surabaya batter up 100m views choose well melania bangtan debut
239,kalau dibaca2 baik tetep putus tangan presiden aku percaya pak anies bakal laku rugi masyrakat golong tentu tidak bukti jkt di jkt dia dukung minoritas buat yang lain emosi tolak adem fakta,"if it is read well, it still breaks the president's hand, I believe Pak Anies will be a loser for the golong community, of course not proof of JKT in JKT, he supports minorities for others, emotions reject adem facts"
240,macam serang anies lalu anies nampol balik woiii,like attack prabowo anies then anies nampol back prabowo woiii
241,andai partai gabung anies kicau seperti juga sakit hati tinggal,if the party joined the chirping anies as well as the heartache of staying
242,jadi anggota mrk yang bunuh kan 6 orang udah bunuh dapet jabat anies nolong klo mrk mau nyoblos dukung cm hak warga negara mau golput jg hak mrk lama mrk bukan genocide supporters or genocide actors kasih jabat mrk tidak bsa buat ap2,being a member of MRK who killed 6 people already killed get a job anies nolong klo mrk want nyoblos support cm citizen rights want golput jg rights mrk lama mrk not genocide supporters or genocide actors love shake mrk not bsa for ap2
243,klo mau debat ini panjang akhir lu nyalahin karna lu dukung anies masalah tega hukum semraut saya apresiasi koq nyata anies klo tegak hukum masih kacau arah kan bukan kesana,if you want this debate to be long at the end you are guilty of prabowo because you support anies the problem of tega ant law gw appreciation koq real anies klo upright law is still chaotic in the direction right not go there
244,4p4r4t ikut menang,4p4r4t wins
245,anies selalu jebak asumsi pribadi ada dukung bukti fakta gaco olivia jill biden daesang gempa adidas surabaya batter up 100m views pilih baik melania bangtan debut,anies always trap personal assumptions there is evidence supporting facts gaco olivia jill biden daesang earthquake adidas surabaya batter up 100m views choose well melania bangtan debut
246,ga yang peduli org2 km50 puja riziq soal usah turun suara anies dgn org2 kaya riziq ikut,ga who cares about people2 km50 puja riziq about not going down anies voice with people who are rich in riziq to participate
247,semenjak ngetwit anies followes udah nambah 3000 gimana dong,since tweeting anies followes has added 3000 how about
248,pilpres 2024 tidak pilih subianto pranowo anies baswedan saya tidak golput bingung tah ora kowe,the 2024 presidential election did not choose prabowo subianto odd pranowo anies baswedan I did not golput confused tah ora kowe
249,jgn suuzon bang orang paling ikhlas pak mungkin main cara2 kotor itu pak ikhlas kalo tidak pilih pak ikhlas klo anies pilih tapi kok aku percaya 99 sama statemt abang,jgn suuzon bang the most sincere person pak prabowo may play dirty ways sir prabowo sincere if you don't choose pak prabowo sincere klo anies odd choose but why do I believe 99 same statemt brother
250,anies debat pertama ngomong ngelantur data salah semua,anies the first debate talked about all the wrong data
251,sukasuka orang lah mau milih anies kaga lucu banget dukung anies tukang guilttrip orang liat noh swing voters belum mau ngevote anies awokwok,sukasuka orang lah mau milih anies kaga really funny support anies tukang guilttrip orang liat noh swing voter tidak mau ngevote anies awokwok
252,bukan masalah tapi perlu kaji ulang masih perlu atau tidak capres punya skala prioritas nanti pilih apa dulu mana dulu perlu baik ini anies ikn jadi prioritas masih banyak masalah,not a problem but need to review it still need or not presidential candidates have priority scale then choose what to do first where first need to be good this anies ikn be a priority there are still many problems
253,anies lihat munafik kait sikap lanjut ikn gaco olivia jill biden daesang gempa adidas surabaya batter up 100m views pilih baik melania bangtan debut,anies look hypocritical hook attitude further ikn gaco olivia jill biden daesang earthquake adidas surabaya batter up 100m views choose well melania bangtan debut
254,anies sama jadi seolah2 kerja sama padahal ngalir aja,anies are just as odd as if they were working together even though they just flow
255,link anti rungkad olivia daesang gaco batter up 100m views gempa surabaya anies dana 40 hari first lady pilih baik,link anti rungkad olivia daesang gaco batter up 100m views Surabaya earthquake anies dana 40 days first lady choose well
256,pak anies sdh besar jadi gubernur belimbing sayur besar siapa,mr. anies is already big so who is the governor of big vegetable star fruit
257,moga anies menang amin aamiin amin gaes,let's hope anies wins amen aamiin amen gaes
258,komunikasi ab sangat lancar dengan teuku umar selalu kendala misal kena covid bagai diam tak respons 15 juni 2022 nasdem umum tiga nama calon presiden no 1 anies no 2 andika no 3,"ab communication is very smooth with teuku umar always constraints such as getting covid like odd silent not responding June 15, 2022 general nasdem three names of presidential candidates ganjar no 1 anies no 2 andika no 3"
259,agama islam ajar untuk bakti dua orang tua dinding adidas karina surabaya anies daesang gempa islam,islam teaches for the devotion of two parents adidas wall karina surabaya anies daesang earthquake islam
260,koleksi kendara capres miskin anies baswedan vs capres kaya subianto,a collection of vehicles for poor presidential candidates anies baswedan vs rich presidential candidates prabowo subianto
261,akhir anies kena batu ucap kait udara ber ktp gaco olivia jill biden daesang gempa adidas surabaya batter up 100m views pilih baik melania bangtan debut,end anies hit by stone say air hook with ktp gaco olivia jill biden daesang earthquake adidas surabaya batter up 100m views choose well melania bangtan debut
262,celana panjang chino pria murah kualitas dapat cashback 40 shopee video anies gaco daesang surabaya gempa ayo lihat video shopee video,men's chino trousers cheap quality can cashback 40 shopee video anies prabowo gaco daesang surabaya earthquake let's see video shopee video
263,mantap sih pak anies jauh bangga,"steady, sir, anies is far proud"
264,kata dukung anies cerdas2,words of support for intelligent anies2
265,jelas lebih pantes anies,clearly more pantes anies
266,krn abud anies klaim bangun banyak gereja cek fakta kok sara,krn abud anies claims to build many churches fact check sara
267,serang yang kerja si memed hari buzzer ayah semua medsos debat kpu serang kalap sekali rl nyata ada hasil cenderung negatif anies pelan2 banyak bicara semua kalangantitik cerah,attack the work of the memed day buzzer dad all medsos debate kpu attack once real rl there are prabowo results tend to be negative anies slowly talk a lot all calangantitik sunny
268,bagai warga jakarta kok malah rasa balik yaanies jelas bawa jakarta jauh lebih baik banding gubernur belum,like citizens of jakarta how come even feel back yaanies obviously bring jakarta much better appeal the governor has not
269,panggung debat panggung ny sm anies klo kalah panggung langsung ulti nya pake surat lah lah lah nyari kunci pokok hahahahaaa badut politik,stage debate stage ny odd sm anies klo lose stage directly ultinya use the letter lah lah nyari key staple hahahahaaa political clown
270,uas klo tahu jejak digital anies waktu wawancara dgn najwa shihabselama pak nyapres tdk nyapresdan terang dr ortu masalah mati bocil umur 15thn tdk benar mosok sih uas dukung,uas klo know the digital footprint of anies during interviews with najwa shihab as long as pak prabowo nyapres takdk nyapresdan terang dr ortu the problem of dead children aged 15n tdk benar mosok sih uasukung
271,tinggal dukung anies baswedan lebih mampu ayom rakyat indonesia depan,live prabowo support anies baswedan more able ayom Indonesian people ahead
272,mas daniel mas daniel soal pinang anies jadi gubernur disinggung2 gilir singgung korban nyawa atas kalah mas bowo 2019 kok keluar ucap sampah mau cuci tangan,mas daniel mas daniel about betel anies so the governor was mentioned the death toll for losing mas bowo 2019 why come out saying trash wants to wash their hands
273,singgung soal janji tak maju ada pilpres anies komitmen dki,alludes to the promise of no progress there is a prabowo pilpres anies dki commitment
274,anies memang bisa percaya kata2 nya tukang obral janji,anies can indeed believe the words of the pledge salesman
275,parah banget cantik udah gitu keren dukung pak anies sempurna,"it's so beautiful, it's so cool to support Mr. Anies perfectly"
276,haha janji apa batas hak orang untuk abdi negara emang jamin hak hidup anies baswedan sedih sekali kualitas pikir makin turun,"haha promise what is the limit of people's rights for servants of the country, guarantee the right to life anies baswedan sadly the quality of thought is getting down"
277,fans bole otak pakai nyata jadi hoax hoax kalian buat jadi nyata nonton bnyk,fans bole brains use real so your hoax hoax make it real watch bnyk
